builtup,bare,cropland,grassland,shrubland,savanna,mixed,woodland,wetland,water,permafrost,ST_NM,area_sqkm
4.1962722082352936E7,7.717106989803933E7,1.1057096445843153E9,9.760536574901952E7,1.7629870005098042E8,,,4.703750713294119E8,973351.6392156862,2.5083603250980362E7,,Karnataka,192467.83634984866
